keyword,volume,difficulty,intent,owner_page
best interior designers in bangalore,4400,32,Commercial,/interior-designers/bangalore/
interior designers in bangalore,3600,35,Commercial,/interior-designers/bangalore/
top 10 interior designers in bangalore,880,29,Commercial,/interior-designers/bangalore/
top interior designers in bangalore,880,32,Commercial,/interior-designers/bangalore/
home interior designers in bangalore,720,40,Commercial,/interior-designers/bangalore/
best home interior designers in bangalore,390,39,Commercial,/interior-designers/bangalore/
cheap and best interior designers in bangalore,390,43,Commercial,/interior-designers/bangalore/budget/
budget interior designers in bangalore,320,34,Informational,/interior-designers/bangalore/budget/
interior designers in indiranagar,480,13,Commercial,/interior-designers/bangalore/indiranagar/
kitchen interior designers in bangalore,590,27,Informational,/interior-designers/bangalore/kitchen/
luxury interior designers in bangalore,880,38,Informational,/interior-designers/bangalore/luxury/
interior designers in belgaum,390,29,Commercial,/interior-designers/belgaum/
best interior designers in chennai,3600,31,Commercial,/interior-designers/chennai/
interior designers in chennai,2900,34,Informational,/interior-designers/chennai/
home interior designers in chennai,1300,37,Commercial,/interior-designers/chennai/
top 10 interior designers in chennai,590,28,Commercial,/interior-designers/chennai/
top interior designers in chennai,390,32,Commercial,/interior-designers/chennai/
architects and interior designers in chennai,480,30,Commercial,/interior-designers/chennai/architects/
low budget interior designers in chennai,320,27,Commercial,/interior-designers/chennai/low-budget/
interior designers in coimbatore,3600,33,Transactional,/interior-designers/coimbatore/
best interior designers in coimbatore,880,34,Commercial,/interior-designers/coimbatore/
residential interior designers in delhi,390,35,Commercial,/interior-designers/delhi/
top interior designers in delhi,320,39,Commercial,/interior-designers/delhi/
office interior designers in delhi,1000,26,Informational,/interior-designers/delhi/office/
interior designers in erode,320,29,Commercial,/interior-designers/erode/
famous interior designers in india,320,26,Informational,/interior-designers/famous-interior-designers-india/
interior designers in gurgaon,5400,34,Commercial,/interior-designers/gurgaon/
best interior designers in gurgaon,880,27,Commercial,/interior-designers/gurgaon/
top 10 interior designers in gurgaon,320,30,Commercial,/interior-designers/gurgaon/
office interior designers in gurgaon,720,7,Informational,/interior-designers/gurgaon/office/
interior designers in hyderabad,6600,35,Informational,/interior-designers/hyderabad/
best interior designers in hyderabad,4400,29,Commercial,/interior-designers/hyderabad/
home interior designers in hyderabad,1000,37,Informational,/interior-designers/hyderabad/
top 10 interior designers in hyderabad,590,22,Commercial,/interior-designers/hyderabad/
top interior designers in hyderabad,590,26,Commercial,/interior-designers/hyderabad/
interior designers in hyderabad list,320,26,Commercial,/interior-designers/hyderabad/
interior designers in kukatpally,320,14,Commercial,/interior-designers/hyderabad/kukatpally/
best interior designers in india,1300,34,Commercial,/interior-designers/india/
top interior designers in india,720,26,"Informational, Commercial",/interior-designers/india/
best interior designers in kolkata,2900,34,Commercial,/interior-designers/kolkata/
top 10 interior designers in kolkata,480,31,Commercial,/interior-designers/kolkata/
top interior designers in kolkata,320,31,Commercial,/interior-designers/kolkata/
interior designers in madurai,1300,22,Commercial,/interior-designers/madurai/
interior designers in maharashtra,320,31,Commercial,/interior-designers/maharashtra/
interior designers in mumbai,9900,35,Informational,/interior-designers/mumbai/
best interior designers in mumbai,1600,26,Commercial,/interior-designers/mumbai/
residential interior designers in mumbai,720,31,Commercial,/interior-designers/mumbai/
top interior designers in mumbai,480,30,Commercial,/interior-designers/mumbai/
top 10 interior designers in mumbai,320,28,Commercial,/interior-designers/mumbai/
interior designers in andheri,480,11,Commercial,/interior-designers/mumbai/andheri/
interior designers in bandra,390,13,Commercial,/interior-designers/mumbai/bandra/
luxury interior designers in mumbai,880,34,Commercial,/interior-designers/mumbai/luxury/
interior designers in malad,320,11,Commercial,/interior-designers/mumbai/malad/
interior designers in mulund,320,16,Commercial,/interior-designers/mumbai/mulund/
interior designers in mysore,1000,22,Commercial,/interior-designers/mysore/
interior designers in nellore,320,34,Commercial,/interior-designers/nellore/
interior designers in pune,9900,43,Informational,/interior-designers/pune/
best interior designers in pune,2900,32,Commercial,/interior-designers/pune/
top interior designers in pune,480,30,Commercial,/interior-designers/pune/
top 10 interior designers in pune,390,39,Commercial,/interior-designers/pune/
interior designers in kharadi,390,21,Commercial,/interior-designers/pune/kharadi/
interior designers in tirunelveli,320,16,Commercial,/interior-designers/tirunelveli/
interior designers in trichy,390,24,Commercial,/interior-designers/trichy/
interior designers in vellore,320,17,Commercial,/interior-designers/vellore/
interior designers in vijayawada,480,25,Commercial,/interior-designers/vijayawada/
interior designers in vizag,1000,23,Commercial,/interior-designers/vizag/
best interior designers in vizag,390,23,Commercial,/interior-designers/vizag/
interior designers in warangal,390,17,Commercial,/interior-designers/warangal/
